{
  "uuid": "e7783557-fb7f-3542-97fc-1c26b2fdd466",
  "starterPrompted": true,
  "starterLocked": false,
  "starterSelected": true,
  "starterUUID": "1cbddebe-beac-4a2c-b19c-b183e4e4f870",
  "keyItems": [],
  "battleTheme": "cobblemon:battle.pvp.default",
  "extraData": {},
  "advancementData": {
    "totalCaptureCount": 0,
    "totalEggsHatched": 0,
    "totalEvolvedCount": 0,
    "totalBattleVictoryCount": 1,
    "totalPvPBattleVictoryCount": 0,
    "totalPvWBattleVictoryCount": 1,
    "totalPvNBattleVictoryCount": 0,
    "totalShinyCaptureCount": 0,
    "totalTradedCount": 0,
    "totalTypeCaptureCounts": {},
    "totalDefeatedCounts": {
      "cobblemon:zigzagoon": 1
    },
    "aspectsCollected": {}
  }
}