{"stats":{"minecraft:used":{"minecraft:chicken":3,"minecraft:bread":5,"minecraft:stone_pickaxe":11,"minecraft:spruce_planks":1,"minecraft:wooden_pickaxe":8,"minecraft:spruce_sapling":2,"minecraft:stone_axe":35,"minecraft:cobblestone":13,"minecraft:beef":1,"minecraft:crafting_table":2,"minecraft:egg":3,"minecraft:blue_ice":1,"minecraft:cod":1},"minecraft:dropped":{"minecraft:bread":46},"minecraft:custom":{"minecraft:time_since_rest":2145,"minecraft:sprint_one_cm":92138,"minecraft:damage_taken":287,"minecraft:walk_one_cm":102641,"minecraft:mob_kills":7,"minecraft:drop":3,"minecraft:damage_dealt":1572,"minecraft:swim_one_cm":2893,"minecraft:interact_with_crafting_table":4,"minecraft:fly_one_cm":178070,"minecraft:open_chest":5,"minecraft:crouch_one_cm":725,"minecraft:play_time":53086,"minecraft:sneak_time":506,"minecraft:walk_under_water_one_cm":6815,"minecraft:jump":680,"minecraft:leave_game":4,"minecraft:walk_on_water_one_cm":1691,"minecraft:time_since_death":53086,"minecraft:sleep_in_bed":1,"minecraft:total_world_time":53086,"minecraft:fall_one_cm":12917},"minecraft:mined":{"minecraft:spruce_planks":1,"cobblemon:black_apricorn":1,"minecraft:spruce_log":8,"cobblemon:apricorn_log":5,"cobblemon:apricorn_leaves":15,"minecraft:crafting_table":1,"minecraft:grass":2,"minecraft:grass_block":1,"minecraft:dirt":2,"minecraft:stone":19,"minecraft:sugar_cane":2,"cobblemon:oran_berry":4},"minecraft:crafted":{"minecraft:crafting_table":1,"minecraft:spruce_planks":32,"minecraft:stick":8,"minecraft:wooden_pickaxe":1,"minecraft:stone_pickaxe":1,"minecraft:stone_axe":1},"minecraft:killed":{"cobblemon:pokemon":2,"minecraft:chicken":2,"minecraft:salmon":1,"minecraft:rabbit":2},"minecraft:picked_up":{"minecraft:stick":1,"minecraft:crafting_table":1,"cobblemon:apricorn_log":5,"minecraft:feather":2,"minecraft:chicken":3,"minecraft:brown_wool":2,"minecraft:porkchop":3,"cobblemon:persim_berry":9,"minecraft:spruce_sapling":2,"minecraft:spruce_log":8,"minecraft:dirt":3,"minecraft:wheat_seeds":1,"cobblemon:green_apricorn":2,"minecraft:rabbit_hide":1,"minecraft:spruce_planks":1,"minecraft:beef":1,"minecraft:blue_ice":1,"cobblemon:oran_berry":5,"minecraft:bread":31,"minecraft:rabbit":3,"minecraft:sugar_cane":6,"minecraft:cod":1,"minecraft:cobblestone":19,"minecraft:egg":3}},"DataVersion":3465}