{"stats":{"minecraft:custom":{"minecraft:jump":114,"minecraft:time_since_rest":12187,"minecraft:damage_taken":20,"minecraft:crouch_one_cm":291,"minecraft:leave_game":2,"minecraft:play_time":12187,"minecraft:sprint_one_cm":11754,"minecraft:time_since_death":12187,"minecraft:walk_on_water_one_cm":575,"minecraft:walk_one_cm":16010,"minecraft:sneak_time":58,"minecraft:total_world_time":12187,"minecraft:walk_under_water_one_cm":1497,"minecraft:fall_one_cm":3524,"minecraft:fly_one_cm":24601}},"DataVersion":3465}