{"stats":{"minecraft:used":{"sophisticatedbackpacks:iron_backpack":1,"minecraft:rabbit":3,"minecraft:stone_pickaxe":45,"minecraft:spruce_planks":1,"minecraft:wooden_pickaxe":11,"minecraft:rotten_flesh":5,"minecraft:white_wool":2,"minecraft:torch":9,"minecraft:dirt":10,"minecraft:sand":2,"minecraft:mutton":1,"cobblemon:apricorn_boat":3,"minecraft:crafting_table":4,"minecraft:blue_ice":1,"minecraft:cod":1,"minecraft:light_weighted_pressure_plate":1,"minecraft:chicken":3,"minecraft:bread":28,"cobblemon:energy_root":2,"minecraft:spruce_sapling":2,"minecraft:golden_helmet":1,"minecraft:stone_axe":52,"minecraft:golden_sword":35,"minecraft:cobblestone":13,"minecraft:beef":3,"minecraft:sweet_berries":3,"minecraft:porkchop":3,"minecraft:egg":3},"minecraft:dropped":{"sophisticatedbackpacks:iron_backpack":1,"minecraft:bread":54,"minecraft:stone_axe":1,"minecraft:wheat_seeds":1,"minecraft:wheat":1,"minecraft:feather":2,"minecraft:stick":1,"minecraft:rabbit_hide":3,"minecraft:arrow":1},"minecraft:custom":{"minecraft:mob_kills":18,"minecraft:interact_with_crafting_table":9,"minecraft:leave_game":4,"minecraft:time_since_death":69816,"minecraft:sleep_in_bed":2,"minecraft:time_since_rest":26114,"minecraft:sprint_one_cm":268672,"minecraft:damage_taken":1650,"minecraft:walk_one_cm":241250,"minecraft:drop":21,"minecraft:damage_dealt":4250,"minecraft:swim_one_cm":20827,"minecraft:fly_one_cm":640409,"minecraft:open_chest":15,"minecraft:crouch_one_cm":3087,"minecraft:play_time":125086,"minecraft:deaths":1,"minecraft:sneak_time":1121,"minecraft:walk_under_water_one_cm":16357,"minecraft:boat_one_cm":221760,"minecraft:jump":2378,"minecraft:walk_on_water_one_cm":17700,"minecraft:total_world_time":125086,"minecraft:fall_one_cm":51679},"minecraft:killed_by":{"minecraft:spider":1},"minecraft:mined":{"minecraft:spruce_planks":1,"minecraft:white_bed":1,"cobblemon:big_root":1,"cobblemon:apricorn_log":5,"minecraft:torch":7,"minecraft:crafting_table":2,"cobblemon:apricorn_leaves":15,"minecraft:grass_block":12,"cobblemon:energy_root":1,"minecraft:tall_grass":2,"minecraft:sugar_cane":14,"cobblemon:oran_berry":4,"minecraft:wall_torch":1,"minecraft:hay_block":40,"minecraft:spruce_log":8,"cobblemon:black_apricorn":1,"minecraft:grass":12,"minecraft:coal_ore":14,"minecraft:sand":2,"minecraft:dirt":2,"minecraft:packed_ice":2,"minecraft:stone":24},"minecraft:killed":{"cobblemon:pokemon":4,"minecraft:salmon":1,"minecraft:rabbit":2,"minecraft:spider":1,"creeperoverhaul:snowy_creeper":1,"minecraft:skeleton":1,"minecraft:zombie":4,"minecraft:chicken":2,"minecraft:cow":2},"minecraft:crafted":{"cobblemon:apricorn_boat":1,"minecraft:crafting_table":2,"minecraft:spruce_planks":32,"minecraft:wooden_pickaxe":1,"cobblemon:apricorn_planks":20,"minecraft:stone_axe":1,"minecraft:bread":85,"minecraft:stick":8,"minecraft:stone_pickaxe":1,"minecraft:torch":8,"minecraft:wheat":355},"minecraft:picked_up":{"minecraft:crafting_table":2,"minecraft:feather":6,"minecraft:chicken":3,"minecraft:leather":1,"minecraft:golden_pickaxe":1,"minecraft:brown_wool":5,"minecraft:wooden_pickaxe":1,"cobblemon:apricorn_boat":2,"minecraft:string":1,"minecraft:dirt":17,"minecraft:flint_and_steel":2,"minecraft:bone":2,"cobblemon:link_cable":1,"minecraft:wheat_seeds":2,"cobblemon:green_apricorn":4,"minecraft:spruce_planks":22,"minecraft:rabbit_hide":4,"minecraft:light_weighted_pressure_plate":1,"minecraft:beef":7,"minecraft:stone_pickaxe":1,"cobblemon:oran_berry":20,"minecraft:rabbit":6,"minecraft:sugar_cane":41,"minecraft:egg":3,"minecraft:golden_helmet":1,"minecraft:stick":4,"cobblemon:apricorn_log":10,"minecraft:sweet_berries":4,"minecraft:torch":8,"cobblemon:blue_apricorn_seed":1,"minecraft:fire_charge":1,"minecraft:porkchop":6,"minecraft:sand":2,"minecraft:spruce_sapling":2,"cobblemon:persim_berry":27,"sophisticatedbackpacks:iron_backpack":1,"minecraft:white_bed":1,"cobblemon:vivichoke_seeds":1,"minecraft:spruce_log":8,"cobblemon:aspear_berry":6,"minecraft:golden_chestplate":1,"naturalist:duck_egg":1,"minecraft:arrow":2,"minecraft:rotten_flesh":6,"cobblemon:poke_ball":9,"minecraft:stone_axe":1,"minecraft:hay_block":40,"minecraft:blue_ice":1,"minecraft:bread":53,"minecraft:mutton":1,"cobblemon:chesto_berry":5,"cobblemon:blue_apricorn":1,"cobblemon:energy_root":1,"minecraft:obsidian":1,"minecraft:coal":14,"minecraft:cod":1,"minecraft:white_wool":4,"minecraft:cobblestone":24},"minecraft:broken":{"minecraft:golden_sword":1}},"DataVersion":3465}