{"stats":{"minecraft:used":{"minecraft:stone_pickaxe":12,"minecraft:spruce_planks":1,"minecraft:wooden_pickaxe":8,"minecraft:crafting_table":2,"minecraft:blue_ice":1,"minecraft:cod":1,"minecraft:chicken":3,"minecraft:bread":10,"minecraft:spruce_sapling":2,"minecraft:golden_helmet":1,"minecraft:stone_axe":43,"minecraft:cobblestone":13,"minecraft:beef":1,"minecraft:egg":3},"minecraft:dropped":{"minecraft:bread":54,"minecraft:feather":2},"minecraft:custom":{"minecraft:mob_kills":9,"minecraft:interact_with_crafting_table":4,"minecraft:leave_game":4,"minecraft:time_since_death":9816,"minecraft:sleep_in_bed":1,"minecraft:time_since_rest":9869,"minecraft:sprint_one_cm":132469,"minecraft:damage_taken":691,"minecraft:walk_one_cm":128042,"minecraft:drop":12,"minecraft:damage_dealt":2001,"minecraft:swim_one_cm":3349,"minecraft:fly_one_cm":307198,"minecraft:open_chest":7,"minecraft:crouch_one_cm":2809,"minecraft:play_time":65086,"minecraft:deaths":1,"minecraft:sneak_time":855,"minecraft:walk_under_water_one_cm":7181,"minecraft:jump":1037,"minecraft:walk_on_water_one_cm":1898,"minecraft:total_world_time":65086,"minecraft:fall_one_cm":18129},"minecraft:killed_by":{"minecraft:spider":1},"minecraft:mined":{"minecraft:spruce_planks":1,"cobblemon:apricorn_log":5,"minecraft:crafting_table":1,"cobblemon:apricorn_leaves":15,"minecraft:grass_block":1,"minecraft:sugar_cane":3,"cobblemon:oran_berry":4,"minecraft:spruce_log":8,"cobblemon:black_apricorn":1,"minecraft:grass":2,"minecraft:dirt":2,"minecraft:stone":19},"minecraft:killed":{"cobblemon:pokemon":2,"minecraft:salmon":1,"minecraft:rabbit":2,"creeperoverhaul:snowy_creeper":1,"minecraft:zombie":1,"minecraft:chicken":2},"minecraft:crafted":{"minecraft:crafting_table":1,"minecraft:spruce_planks":32,"minecraft:wooden_pickaxe":1,"minecraft:stone_axe":1,"minecraft:stick":8,"minecraft:stone_pickaxe":1},"minecraft:picked_up":{"minecraft:crafting_table":1,"minecraft:feather":6,"minecraft:chicken":3,"minecraft:golden_pickaxe":1,"minecraft:brown_wool":4,"minecraft:wooden_pickaxe":1,"minecraft:dirt":6,"minecraft:flint_and_steel":2,"cobblemon:link_cable":1,"minecraft:wheat_seeds":2,"cobblemon:green_apricorn":4,"minecraft:spruce_planks":22,"minecraft:rabbit_hide":2,"minecraft:light_weighted_pressure_plate":1,"minecraft:beef":1,"minecraft:stone_pickaxe":1,"cobblemon:oran_berry":10,"minecraft:rabbit":6,"minecraft:sugar_cane":15,"minecraft:egg":3,"minecraft:golden_helmet":1,"minecraft:stick":4,"cobblemon:apricorn_log":10,"minecraft:sweet_berries":4,"minecraft:fire_charge":1,"minecraft:porkchop":6,"minecraft:spruce_sapling":2,"cobblemon:persim_berry":18,"cobblemon:vivichoke_seeds":1,"minecraft:spruce_log":8,"minecraft:golden_chestplate":1,"minecraft:arrow":1,"minecraft:rotten_flesh":1,"minecraft:stone_axe":1,"minecraft:blue_ice":1,"minecraft:bread":53,"minecraft:obsidian":1,"minecraft:cod":1,"minecraft:white_wool":2,"minecraft:cobblestone":19}},"DataVersion":3465}