{"stats":{"minecraft:used":{"minecraft:rabbit":1,"minecraft:stone_pickaxe":12,"minecraft:spruce_planks":1,"minecraft:wooden_pickaxe":8,"minecraft:sand":2,"cobblemon:apricorn_boat":2,"minecraft:crafting_table":3,"minecraft:blue_ice":1,"minecraft:cod":1,"minecraft:chicken":3,"minecraft:bread":17,"minecraft:spruce_sapling":2,"minecraft:golden_helmet":1,"minecraft:stone_axe":52,"minecraft:cobblestone":13,"minecraft:beef":1,"minecraft:sweet_berries":3,"minecraft:egg":3},"minecraft:dropped":{"minecraft:bread":54,"minecraft:stone_axe":1,"minecraft:wheat_seeds":1,"minecraft:feather":2,"minecraft:arrow":1},"minecraft:custom":{"minecraft:mob_kills":10,"minecraft:interact_with_crafting_table":6,"minecraft:leave_game":4,"minecraft:time_since_death":21816,"minecraft:sleep_in_bed":1,"minecraft:time_since_rest":21869,"minecraft:sprint_one_cm":161271,"minecraft:damage_taken":1054,"minecraft:walk_one_cm":137548,"minecraft:drop":15,"minecraft:damage_dealt":2161,"minecraft:swim_one_cm":17575,"minecraft:fly_one_cm":400522,"minecraft:open_chest":7,"minecraft:crouch_one_cm":3076,"minecraft:play_time":77086,"minecraft:deaths":1,"minecraft:sneak_time":935,"minecraft:walk_under_water_one_cm":10132,"minecraft:boat_one_cm":126000,"minecraft:jump":1320,"minecraft:walk_on_water_one_cm":6376,"minecraft:total_world_time":77086,"minecraft:fall_one_cm":23005},"minecraft:killed_by":{"minecraft:spider":1},"minecraft:mined":{"minecraft:spruce_planks":1,"cobblemon:apricorn_log":5,"minecraft:crafting_table":2,"cobblemon:apricorn_leaves":15,"minecraft:grass_block":2,"minecraft:sugar_cane":3,"cobblemon:oran_berry":4,"minecraft:spruce_log":8,"cobblemon:black_apricorn":1,"minecraft:grass":2,"minecraft:sand":2,"minecraft:dirt":2,"minecraft:packed_ice":2,"minecraft:stone":19},"minecraft:killed":{"cobblemon:pokemon":2,"minecraft:salmon":1,"minecraft:rabbit":2,"minecraft:spider":1,"creeperoverhaul:snowy_creeper":1,"minecraft:zombie":1,"minecraft:chicken":2},"minecraft:crafted":{"cobblemon:apricorn_boat":1,"minecraft:crafting_table":2,"minecraft:spruce_planks":32,"minecraft:wooden_pickaxe":1,"cobblemon:apricorn_planks":20,"minecraft:stone_axe":1,"minecraft:stick":8,"minecraft:stone_pickaxe":1},"minecraft:picked_up":{"minecraft:crafting_table":2,"minecraft:feather":6,"minecraft:chicken":3,"minecraft:golden_pickaxe":1,"minecraft:brown_wool":4,"minecraft:wooden_pickaxe":1,"cobblemon:apricorn_boat":1,"minecraft:string":1,"minecraft:dirt":7,"minecraft:flint_and_steel":2,"cobblemon:link_cable":1,"minecraft:wheat_seeds":2,"cobblemon:green_apricorn":4,"minecraft:spruce_planks":22,"minecraft:rabbit_hide":2,"minecraft:light_weighted_pressure_plate":1,"minecraft:beef":1,"minecraft:stone_pickaxe":1,"cobblemon:oran_berry":10,"minecraft:rabbit":6,"minecraft:sugar_cane":15,"minecraft:egg":3,"minecraft:golden_helmet":1,"minecraft:stick":4,"cobblemon:apricorn_log":10,"minecraft:sweet_berries":4,"minecraft:fire_charge":1,"minecraft:porkchop":6,"minecraft:sand":2,"minecraft:spruce_sapling":2,"cobblemon:persim_berry":24,"cobblemon:vivichoke_seeds":1,"minecraft:spruce_log":8,"cobblemon:aspear_berry":6,"minecraft:golden_chestplate":1,"minecraft:arrow":1,"minecraft:rotten_flesh":1,"minecraft:stone_axe":1,"minecraft:blue_ice":1,"minecraft:bread":53,"minecraft:obsidian":1,"minecraft:cod":1,"minecraft:white_wool":2,"minecraft:cobblestone":19}},"DataVersion":3465}