{"stats":{"minecraft:used":{"minecraft:chicken":3,"minecraft:stone_pickaxe":11,"minecraft:spruce_planks":1,"minecraft:wooden_pickaxe":8,"minecraft:stone_axe":8,"minecraft:cobblestone":13,"minecraft:crafting_table":1,"minecraft:cod":1},"minecraft:custom":{"minecraft:time_since_rest":29086,"minecraft:sprint_one_cm":44599,"minecraft:damage_taken":173,"minecraft:walk_one_cm":43602,"minecraft:mob_kills":3,"minecraft:damage_dealt":278,"minecraft:swim_one_cm":2893,"minecraft:interact_with_crafting_table":3,"minecraft:fly_one_cm":76284,"minecraft:open_chest":1,"minecraft:crouch_one_cm":725,"minecraft:play_time":29086,"minecraft:sneak_time":506,"minecraft:walk_under_water_one_cm":6815,"minecraft:jump":353,"minecraft:leave_game":4,"minecraft:walk_on_water_one_cm":1626,"minecraft:time_since_death":29086,"minecraft:total_world_time":29086,"minecraft:fall_one_cm":7284},"minecraft:mined":{"minecraft:spruce_planks":1,"minecraft:spruce_log":8,"minecraft:crafting_table":1,"minecraft:grass_block":1,"minecraft:dirt":2,"minecraft:stone":19},"minecraft:killed":{"minecraft:chicken":2,"minecraft:salmon":1},"minecraft:crafted":{"minecraft:crafting_table":1,"minecraft:spruce_planks":32,"minecraft:stick":8,"minecraft:wooden_pickaxe":1,"minecraft:stone_pickaxe":1,"minecraft:stone_axe":1},"minecraft:picked_up":{"minecraft:stick":1,"minecraft:crafting_table":1,"minecraft:feather":2,"minecraft:chicken":3,"minecraft:spruce_sapling":2,"minecraft:spruce_log":8,"minecraft:dirt":3,"minecraft:spruce_planks":1,"minecraft:blue_ice":1,"minecraft:cod":1,"minecraft:cobblestone":19,"minecraft:egg":3}},"DataVersion":3465}