{"stats":{"minecraft:used":{"minecraft:bread":15,"minecraft:suspicious_stew":1,"minecraft:leather_chestplate":1},"minecraft:dropped":{"minecraft:feather":2,"minecraft:rotten_flesh":3},"minecraft:custom":{"minecraft:open_chest":10,"minecraft:time_since_rest":52106,"minecraft:crouch_one_cm":1524,"minecraft:play_time":52106,"minecraft:sprint_one_cm":95105,"minecraft:damage_taken":569,"minecraft:walk_one_cm":26064,"minecraft:sneak_time":760,"minecraft:walk_under_water_one_cm":13512,"minecraft:mob_kills":1,"minecraft:drop":3,"minecraft:jump":671,"minecraft:damage_dealt":289,"minecraft:time_since_death":52106,"minecraft:walk_on_water_one_cm":10324,"minecraft:total_world_time":52106,"minecraft:swim_one_cm":174076,"minecraft:fall_one_cm":5194,"minecraft:fly_one_cm":276004},"minecraft:mined":{"minecraft:spruce_log":1,"minecraft:sugar_cane":2},"minecraft:killed":{"cobblemon:pokemon":1},"minecraft:picked_up":{"minecraft:feather":2,"minecraft:rotten_flesh":4,"minecraft:bread":23,"minecraft:spruce_log":1,"minecraft:sugar_cane":6,"minecraft:mutton":2,"minecraft:white_wool":2}},"DataVersion":3465}