{"stats":{"minecraft:used":{"minecraft:bread":19,"minecraft:stone_pickaxe":18,"minecraft:suspicious_stew":1,"minecraft:wooden_pickaxe":13,"minecraft:leather_chestplate":1,"minecraft:stone_axe":1,"minecraft:fishing_rod":8,"minecraft:dirt":5,"minecraft:crafting_table":2,"minecraft:oak_boat":1},"minecraft:dropped":{"minecraft:bowl":1,"minecraft:leather_boots":1,"minecraft:feather":2,"minecraft:rotten_flesh":4,"minecraft:wooden_pickaxe":1,"minecraft:pufferfish":1},"minecraft:custom":{"minecraft:time_since_rest":64106,"minecraft:sprint_one_cm":111720,"minecraft:damage_taken":660,"minecraft:walk_one_cm":40684,"minecraft:mob_kills":2,"minecraft:drop":8,"minecraft:damage_dealt":554,"minecraft:swim_one_cm":191770,"minecraft:interact_with_crafting_table":3,"minecraft:fly_one_cm":310015,"minecraft:open_chest":10,"minecraft:crouch_one_cm":2158,"minecraft:play_time":64106,"minecraft:sneak_time":1532,"minecraft:walk_under_water_one_cm":14520,"minecraft:boat_one_cm":32940,"minecraft:jump":825,"minecraft:walk_on_water_one_cm":11864,"minecraft:time_since_death":64106,"minecraft:total_world_time":64106,"minecraft:fish_caught":5,"minecraft:fall_one_cm":7075},"minecraft:mined":{"minecraft:spruce_log":1,"minecraft:crafting_table":2,"minecraft:coal_ore":16,"minecraft:oak_log":3,"minecraft:stone":15,"minecraft:sugar_cane":2,"minecraft:oak_leaves":3},"minecraft:killed":{"minecraft:zombie":1,"cobblemon:pokemon":1},"minecraft:crafted":{"minecraft:oak_boat":1,"minecraft:oak_planks":12,"minecraft:crafting_table":1,"minecraft:spruce_planks":4,"minecraft:stick":8,"minecraft:wooden_pickaxe":1,"minecraft:stone_pickaxe":1,"minecraft:stone_sword":1,"minecraft:stone_axe":1},"minecraft:picked_up":{"minecraft:crafting_table":2,"minecraft:feather":2,"minecraft:oak_log":3,"minecraft:spruce_log":1,"minecraft:dirt":14,"minecraft:leather_boots":2,"minecraft:pufferfish":1,"minecraft:rotten_flesh":4,"minecraft:tropical_fish":1,"minecraft:oak_boat":1,"minecraft:bread":23,"minecraft:sugar_cane":6,"minecraft:mutton":2,"minecraft:coal":12,"minecraft:cod":3,"minecraft:white_wool":2,"minecraft:cobblestone":15}},"DataVersion":3465}