{"stats":{"minecraft:used":{"minecraft:iron_bars":2,"minecraft:stone_pickaxe":122,"minecraft:oak_planks":14,"minecraft:leather_chestplate":1,"minecraft:wooden_pickaxe":13,"minecraft:iron_sword":14,"minecraft:oak_door":3,"minecraft:mossy_cobblestone":1,"minecraft:dirt":17,"minecraft:crafting_table":4,"minecraft:oak_log":8,"minecraft:oak_stairs":2,"minecraft:bread":26,"minecraft:suspicious_stew":1,"minecraft:stone_axe":129,"minecraft:fishing_rod":8,"minecraft:cobblestone":51,"minecraft:furnace":2,"minecraft:grindstone":1,"minecraft:bucket":1,"minecraft:oak_boat":1},"minecraft:dropped":{"minecraft:bowl":1,"minecraft:feather":2,"minecraft:rotten_flesh":4,"minecraft:pufferfish":1,"minecraft:filled_map":1,"minecraft:leather_boots":1,"minecraft:wooden_pickaxe":1},"minecraft:custom":{"minecraft:interact_with_furnace":4,"minecraft:mob_kills":11,"minecraft:interact_with_crafting_table":5,"minecraft:time_since_death":88106,"minecraft:sleep_in_bed":1,"minecraft:time_since_rest":14114,"minecraft:sprint_one_cm":188288,"minecraft:damage_taken":890,"minecraft:walk_one_cm":105989,"minecraft:drop":9,"minecraft:damage_dealt":1410,"minecraft:swim_one_cm":193268,"minecraft:talked_to_villager":2,"minecraft:fly_one_cm":385426,"minecraft:open_chest":20,"minecraft:crouch_one_cm":12217,"minecraft:play_time":88106,"minecraft:sneak_time":4276,"minecraft:walk_under_water_one_cm":14545,"minecraft:boat_one_cm":32940,"minecraft:jump":1242,"minecraft:walk_on_water_one_cm":11922,"minecraft:total_world_time":88106,"minecraft:fish_caught":5,"minecraft:fall_one_cm":19967},"minecraft:mined":{"minecraft:glass_pane":4,"minecraft:mossy_cobblestone":6,"minecraft:oak_door":4,"minecraft:cobblestone_stairs":5,"minecraft:oak_fence":6,"minecraft:crafting_table":3,"minecraft:grass_block":8,"minecraft:tall_grass":1,"minecraft:cobblestone":64,"minecraft:grindstone":1,"minecraft:sugar_cane":2,"minecraft:oak_planks":5,"minecraft:furnace":2,"minecraft:cobblestone_wall":1,"minecraft:spruce_log":1,"minecraft:smooth_stone_slab":1,"minecraft:yellow_bed":1,"minecraft:grass":4,"minecraft:oak_log":42,"minecraft:coal_ore":33,"minecraft:oak_stairs":50,"minecraft:iron_bars":2,"minecraft:dirt":1,"minecraft:stone":19,"minecraft:oak_leaves":11},"minecraft:killed":{"cobblemon:pokemon":2,"minecraft:spider":1,"naturalist:duck":1,"minecraft:zombie":1,"naturalist:sparrow":2,"minecraft:cow":4},"minecraft:crafted":{"minecraft:oak_planks":28,"minecraft:crafting_table":1,"minecraft:spruce_planks":4,"minecraft:wooden_pickaxe":1,"minecraft:bucket":1,"minecraft:stone_axe":1,"minecraft:oak_boat":1,"minecraft:stick":8,"minecraft:stone_pickaxe":1,"minecraft:stone_sword":1},"minecraft:picked_up":{"minecraft:crafting_table":3,"minecraft:feather":4,"minecraft:leather":6,"minecraft:oak_stairs":48,"minecraft:oak_log":42,"minecraft:yellow_bed":1,"minecraft:cobblestone_wall":1,"minecraft:cobblestone_stairs":5,"minecraft:dirt":23,"minecraft:string":1,"minecraft:leather_boots":2,"minecraft:pufferfish":1,"minecraft:grindstone":1,"minecraft:beef":8,"minecraft:oak_boat":1,"minecraft:sugar_cane":6,"minecraft:oak_planks":5,"minecraft:furnace":2,"minecraft:stick":1,"naturalist:duck":1,"minecraft:oak_door":4,"minecraft:oak_fence":6,"minecraft:torch":5,"minecraft:porkchop":2,"minecraft:spruce_log":1,"minecraft:spider_eye":1,"minecraft:mossy_cobblestone":6,"minecraft:rotten_flesh":4,"minecraft:tropical_fish":1,"minecraft:bread":23,"minecraft:iron_bars":2,"minecraft:cod":3,"minecraft:mutton":2,"minecraft:coal":33,"minecraft:white_wool":2,"minecraft:cobblestone":83},"minecraft:broken":{"minecraft:stone_axe":1}},"DataVersion":3465}