{"stats":{"minecraft:used":{"minecraft:bread":5},"minecraft:custom":{"minecraft:jump":251,"minecraft:time_since_rest":28106,"minecraft:damage_dealt":145,"minecraft:sprint_one_cm":38791,"minecraft:play_time":28106,"minecraft:damage_taken":190,"minecraft:time_since_death":28106,"minecraft:walk_one_cm":12718,"minecraft:total_world_time":28106,"minecraft:mob_kills":1,"minecraft:fall_one_cm":1463,"minecraft:fly_one_cm":104608,"minecraft:open_chest":2},"minecraft:mined":{"minecraft:sugar_cane":2},"minecraft:killed":{"cobblemon:pokemon":1},"minecraft:picked_up":{"minecraft:bread":15,"minecraft:sugar_cane":6,"minecraft:mutton":2,"minecraft:white_wool":2}},"DataVersion":3465}