{"stats":{"minecraft:used":{"minecraft:stone_pickaxe":39,"minecraft:leather_chestplate":1,"minecraft:wooden_pickaxe":13,"minecraft:iron_sword":14,"minecraft:dirt":15,"minecraft:crafting_table":3,"minecraft:oak_log":1,"minecraft:bread":25,"minecraft:suspicious_stew":1,"minecraft:stone_axe":39,"minecraft:fishing_rod":8,"minecraft:oak_boat":1},"minecraft:dropped":{"minecraft:bowl":1,"minecraft:feather":2,"minecraft:rotten_flesh":4,"minecraft:pufferfish":1,"minecraft:filled_map":1,"minecraft:leather_boots":1,"minecraft:wooden_pickaxe":1},"minecraft:custom":{"minecraft:mob_kills":11,"minecraft:interact_with_crafting_table":3,"minecraft:time_since_death":76106,"minecraft:sleep_in_bed":1,"minecraft:time_since_rest":2114,"minecraft:sprint_one_cm":165988,"minecraft:damage_taken":880,"minecraft:walk_one_cm":65140,"minecraft:drop":9,"minecraft:damage_dealt":1410,"minecraft:swim_one_cm":193268,"minecraft:fly_one_cm":377659,"minecraft:open_chest":16,"minecraft:crouch_one_cm":2435,"minecraft:play_time":76106,"minecraft:sneak_time":1703,"minecraft:walk_under_water_one_cm":14545,"minecraft:boat_one_cm":32940,"minecraft:jump":1174,"minecraft:walk_on_water_one_cm":11922,"minecraft:total_world_time":76106,"minecraft:fish_caught":5,"minecraft:fall_one_cm":17724},"minecraft:mined":{"minecraft:oak_door":1,"minecraft:oak_fence":6,"minecraft:crafting_table":2,"minecraft:grass_block":8,"minecraft:tall_grass":1,"minecraft:sugar_cane":2,"minecraft:oak_planks":4,"minecraft:spruce_log":1,"minecraft:grass":3,"minecraft:oak_log":12,"minecraft:coal_ore":33,"minecraft:stone":19,"minecraft:oak_leaves":11},"minecraft:killed":{"cobblemon:pokemon":2,"minecraft:spider":1,"naturalist:duck":1,"minecraft:zombie":1,"naturalist:sparrow":2,"minecraft:cow":4},"minecraft:crafted":{"minecraft:oak_planks":12,"minecraft:crafting_table":1,"minecraft:spruce_planks":4,"minecraft:wooden_pickaxe":1,"minecraft:stone_axe":1,"minecraft:oak_boat":1,"minecraft:stick":8,"minecraft:stone_pickaxe":1,"minecraft:stone_sword":1},"minecraft:picked_up":{"minecraft:crafting_table":2,"minecraft:feather":4,"minecraft:leather":6,"minecraft:oak_log":12,"minecraft:dirt":22,"minecraft:string":1,"minecraft:leather_boots":2,"minecraft:pufferfish":1,"minecraft:beef":8,"minecraft:oak_boat":1,"minecraft:sugar_cane":6,"minecraft:oak_planks":4,"minecraft:stick":1,"naturalist:duck":1,"minecraft:oak_door":1,"minecraft:oak_fence":6,"minecraft:torch":1,"minecraft:porkchop":2,"minecraft:spruce_log":1,"minecraft:spider_eye":1,"minecraft:rotten_flesh":4,"minecraft:tropical_fish":1,"minecraft:bread":23,"minecraft:cod":3,"minecraft:mutton":2,"minecraft:coal":33,"minecraft:white_wool":2,"minecraft:cobblestone":19}},"DataVersion":3465}