{"stats":{"minecraft:used":{"minecraft:bread":9},"minecraft:dropped":{"minecraft:feather":2,"minecraft:rotten_flesh":2},"minecraft:custom":{"minecraft:open_chest":3,"minecraft:time_since_rest":40106,"minecraft:play_time":40106,"minecraft:sprint_one_cm":85260,"minecraft:damage_taken":230,"minecraft:walk_one_cm":19811,"minecraft:walk_under_water_one_cm":1040,"minecraft:mob_kills":1,"minecraft:drop":2,"minecraft:jump":583,"minecraft:damage_dealt":181,"minecraft:time_since_death":40106,"minecraft:walk_on_water_one_cm":4909,"minecraft:total_world_time":40106,"minecraft:swim_one_cm":19406,"minecraft:fall_one_cm":4927,"minecraft:fly_one_cm":251583},"minecraft:mined":{"minecraft:spruce_log":1,"minecraft:sugar_cane":2},"minecraft:killed":{"cobblemon:pokemon":1},"minecraft:picked_up":{"minecraft:feather":2,"minecraft:rotten_flesh":2,"minecraft:bread":23,"minecraft:spruce_log":1,"minecraft:sugar_cane":6,"minecraft:mutton":2,"minecraft:white_wool":2}},"DataVersion":3465}